sweep,energy_per_spin,abs_magnetization_per_spin
0,-0.7343750000,0.3359375000
1,-0.9843750000,0.4531250000
2,-1.2343750000,0.5546875000
3,-1.3281250000,0.6250000000
4,-1.3437500000,0.6562500000
5,-1.4062500000,0.6640625000
6,-1.5312500000,0.7500000000
7,-1.5156250000,0.7343750000
8,-1.4375000000,0.7187500000
9,-1.5312500000,0.7734375000
10,-1.5625000000,0.7890625000
11,-1.5625000000,0.8359375000
12,-1.5937500000,0.8515625000
13,-1.5781250000,0.8671875000
14,-1.6875000000,0.8984375000
15,-1.7500000000,0.9296875000
16,-1.6093750000,0.8828125000
17,-1.7812500000,0.9375000000
18,-1.7343750000,0.9062500000
19,-1.7968750000,0.9453125000
20,-1.9687500000,0.9921875000
21,-1.9687500000,0.9921875000
22,-1.8125000000,0.9453125000
23,-1.8281250000,0.9531250000
24,-1.7968750000,0.9375000000
25,-1.7968750000,0.9375000000
26,-1.8125000000,0.9375000000
27,-1.7500000000,0.9296875000
28,-1.8437500000,0.9609375000
29,-1.8281250000,0.9531250000
30,-1.8750000000,0.9687500000
31,-1.8281250000,0.9531250000
32,-1.9062500000,0.9765625000
33,-1.9062500000,0.9687500000
34,-1.8750000000,0.9687500000
35,-1.7968750000,0.9296875000
36,-1.7187500000,0.8984375000
37,-1.6562500000,0.8515625000
38,-1.7187500000,0.8828125000
39,-1.7656250000,0.9062500000
40,-1.7500000000,0.9140625000
41,-1.6875000000,0.8750000000
42,-1.6406250000,0.8671875000
43,-1.6875000000,0.9140625000
44,-1.7343750000,0.9218750000
45,-1.8593750000,0.9609375000
46,-1.7812500000,0.9375000000
47,-1.7187500000,0.8984375000
48,-1.7500000000,0.8750000000
49,-1.5781250000,0.8281250000
50,-1.5468750000,0.8359375000
51,-1.6562500000,0.8828125000
52,-1.6406250000,0.8671875000
53,-1.6250000000,0.8593750000
54,-1.6562500000,0.8828125000
55,-1.6718750000,0.8750000000
56,-1.6562500000,0.8671875000
57,-1.5781250000,0.8671875000
58,-1.6093750000,0.8906250000
59,-1.7500000000,0.8828125000
60,-1.8750000000,0.9531250000
61,-1.8437500000,0.9609375000
62,-1.8281250000,0.9531250000
63,-1.8125000000,0.9453125000
64,-1.6406250000,0.9062500000
65,-1.8125000000,0.9531250000
66,-1.6875000000,0.9140625000
67,-1.8750000000,0.9687500000
68,-1.9062500000,0.9687500000
69,-1.7656250000,0.9296875000
70,-1.6406250000,0.8750000000
71,-1.7187500000,0.9140625000
72,-1.7343750000,0.9218750000
73,-1.5781250000,0.8750000000
74,-1.5625000000,0.8125000000
75,-1.5156250000,0.8046875000
76,-1.6718750000,0.8906250000
77,-1.6562500000,0.8671875000
78,-1.7343750000,0.8984375000
79,-1.7968750000,0.9218750000
80,-1.7656250000,0.8593750000
81,-1.6875000000,0.8437500000
82,-1.5625000000,0.8593750000
83,-1.7187500000,0.9062500000
84,-1.6718750000,0.9062500000
85,-1.8593750000,0.9609375000
86,-1.7968750000,0.9296875000
87,-1.7656250000,0.9062500000
88,-1.8593750000,0.9531250000
89,-1.6718750000,0.8984375000
90,-1.7812500000,0.9375000000
91,-1.8281250000,0.9531250000
92,-1.9062500000,0.9687500000
93,-1.7968750000,0.9453125000
94,-1.9375000000,0.9765625000
95,-1.9218750000,0.9765625000
96,-1.8906250000,0.9687500000
97,-1.7500000000,0.9140625000
98,-1.7656250000,0.9296875000
99,-1.5781250000,0.8828125000
100,-1.6718750000,0.8906250000
101,-1.5937500000,0.8671875000
102,-1.7031250000,0.8750000000
103,-1.6250000000,0.8203125000
104,-1.6875000000,0.8671875000
105,-1.7031250000,0.8671875000
106,-1.5937500000,0.8203125000
107,-1.6718750000,0.8593750000
108,-1.8125000000,0.9140625000
109,-1.7968750000,0.9375000000
110,-1.7812500000,0.9062500000
111,-1.8281250000,0.9453125000
112,-1.7968750000,0.9453125000
113,-1.6718750000,0.8828125000
114,-1.6093750000,0.8359375000
115,-1.5000000000,0.7265625000
116,-1.6093750000,0.7656250000
117,-1.7187500000,0.8046875000
118,-1.6875000000,0.7500000000
119,-1.6406250000,0.7812500000
120,-1.5625000000,0.7031250000
121,-1.6093750000,0.7656250000
122,-1.5625000000,0.7109375000
123,-1.4687500000,0.6406250000
124,-1.5156250000,0.6640625000
125,-1.6562500000,0.7421875000
126,-1.6250000000,0.7578125000
127,-1.5625000000,0.7734375000
128,-1.6250000000,0.8437500000
129,-1.6250000000,0.8671875000
130,-1.7500000000,0.9375000000
131,-1.8593750000,0.9609375000
132,-1.6875000000,0.8984375000
133,-1.6250000000,0.8828125000
134,-1.6875000000,0.8828125000
135,-1.6718750000,0.8515625000
136,-1.6250000000,0.8828125000
137,-1.6875000000,0.9062500000
138,-1.8593750000,0.9453125000
139,-1.9375000000,0.9765625000
140,-1.7500000000,0.9296875000
141,-1.8125000000,0.9453125000
142,-1.8906250000,0.9531250000
143,-1.8593750000,0.9531250000
144,-1.8750000000,0.9687500000
145,-1.7187500000,0.9296875000
146,-1.8125000000,0.9453125000
147,-1.7031250000,0.9062500000
148,-1.7343750000,0.9140625000
149,-1.7812500000,0.9375000000
150,-1.8437500000,0.9531250000
151,-1.8125000000,0.9531250000
152,-1.7968750000,0.9296875000
153,-1.7968750000,0.9218750000
154,-1.7656250000,0.9140625000
155,-1.8593750000,0.9531250000
156,-1.8125000000,0.9375000000
157,-1.7812500000,0.9218750000
158,-1.5625000000,0.8750000000
159,-1.7656250000,0.9140625000
160,-1.7968750000,0.8906250000
161,-1.8125000000,0.9375000000
162,-1.7968750000,0.9375000000
163,-1.6250000000,0.8750000000
164,-1.5312500000,0.8437500000
165,-1.5937500000,0.8671875000
166,-1.7500000000,0.9218750000
167,-1.6718750000,0.8984375000
168,-1.7187500000,0.8906250000
169,-1.6406250000,0.8750000000
170,-1.7343750000,0.9218750000
171,-1.8593750000,0.9609375000
172,-1.9062500000,0.9765625000
173,-1.8750000000,0.9687500000
174,-1.9687500000,0.9921875000
175,-1.9218750000,0.9765625000
176,-1.7656250000,0.9375000000
177,-1.6718750000,0.8984375000
178,-1.6093750000,0.8281250000
179,-1.6562500000,0.8437500000
180,-1.6718750000,0.8515625000
181,-1.6562500000,0.8750000000
182,-1.7500000000,0.8984375000
183,-1.8125000000,0.9140625000
184,-1.7031250000,0.8828125000
185,-1.6250000000,0.8437500000
186,-1.7656250000,0.9140625000
187,-1.8750000000,0.9218750000
188,-1.7812500000,0.9062500000
189,-1.8750000000,0.9531250000
190,-1.8281250000,0.9453125000
191,-1.9062500000,0.9687500000
192,-1.9531250000,0.9843750000
193,-1.8750000000,0.9531250000
194,-1.6875000000,0.9218750000
195,-1.6718750000,0.8984375000
196,-1.7500000000,0.9218750000
197,-1.9375000000,0.9843750000
198,-1.9687500000,0.9921875000
199,-1.9062500000,0.9765625000
200,-1.7656250000,0.9375000000
201,-1.7968750000,0.9218750000
202,-1.7968750000,0.9218750000
203,-1.7187500000,0.9140625000
204,-1.6250000000,0.8906250000
205,-1.6093750000,0.8671875000
206,-1.4843750000,0.8203125000
207,-1.6562500000,0.8984375000
208,-1.7500000000,0.9375000000
209,-1.7343750000,0.9062500000
210,-1.7187500000,0.8828125000
211,-1.7187500000,0.9140625000
212,-1.8593750000,0.9609375000
213,-1.7656250000,0.9218750000
214,-1.7031250000,0.9140625000
215,-1.7500000000,0.9218750000
216,-1.7968750000,0.9375000000
217,-1.8906250000,0.9687500000
218,-1.8437500000,0.9531250000
219,-1.7968750000,0.9453125000
220,-1.7187500000,0.9140625000
221,-1.8281250000,0.9375000000
222,-1.7187500000,0.9140625000
223,-1.5312500000,0.8515625000
224,-1.6093750000,0.8750000000
225,-1.5625000000,0.8671875000
226,-1.6093750000,0.8750000000
227,-1.6406250000,0.8671875000
228,-1.6250000000,0.8750000000
229,-1.7031250000,0.9062500000
230,-1.7812500000,0.9375000000
231,-1.7812500000,0.9375000000
232,-1.7812500000,0.9375000000
233,-1.8437500000,0.9609375000
234,-1.8281250000,0.9375000000
235,-1.8281250000,0.9453125000
236,-1.8750000000,0.9687500000
237,-1.8906250000,0.9687500000
238,-1.7968750000,0.9453125000
239,-1.9375000000,0.9843750000
240,-1.6250000000,0.8906250000
241,-1.7343750000,0.9296875000
242,-1.7500000000,0.9375000000
243,-1.7968750000,0.9453125000
244,-1.6562500000,0.8984375000
245,-1.7500000000,0.9296875000
246,-1.7031250000,0.9062500000
247,-1.7187500000,0.9140625000
248,-1.8593750000,0.9453125000
249,-1.7656250000,0.9375000000
250,-1.8281250000,0.9531250000
251,-1.8906250000,0.9687500000
252,-1.9218750000,0.9765625000
253,-1.8750000000,0.9687500000
254,-1.8125000000,0.9531250000
255,-1.7500000000,0.9296875000
256,-1.8281250000,0.9375000000
257,-1.8437500000,0.9453125000
258,-1.8125000000,0.9453125000
259,-1.7812500000,0.9218750000
260,-1.7812500000,0.9218750000
261,-1.7343750000,0.8828125000
262,-1.7500000000,0.9140625000
263,-1.6718750000,0.8906250000
264,-1.8750000000,0.9609375000
265,-1.8593750000,0.9609375000
266,-1.8750000000,0.9687500000
267,-1.7343750000,0.9218750000
268,-1.8906250000,0.9687500000
269,-1.7500000000,0.9296875000
270,-1.7500000000,0.9296875000
271,-1.6562500000,0.8984375000
272,-1.6406250000,0.8906250000
273,-1.7187500000,0.8984375000
274,-1.8281250000,0.9531250000
275,-1.7968750000,0.9453125000
276,-1.9218750000,0.9765625000
277,-1.8750000000,0.9609375000
278,-1.7343750000,0.9218750000
279,-1.7031250000,0.9062500000
280,-1.6093750000,0.8281250000
281,-1.5937500000,0.8125000000
282,-1.4531250000,0.7734375000
283,-1.5468750000,0.7968750000
284,-1.5937500000,0.8437500000
285,-1.4218750000,0.7734375000
286,-1.4531250000,0.7500000000
287,-1.4218750000,0.7109375000
288,-1.5000000000,0.8203125000
289,-1.6250000000,0.8828125000
290,-1.6562500000,0.8984375000
291,-1.6250000000,0.8750000000
292,-1.5781250000,0.8750000000
293,-1.6718750000,0.9062500000
294,-1.8593750000,0.9531250000
295,-1.8906250000,0.9687500000
296,-1.8906250000,0.9687500000
297,-1.7343750000,0.9218750000
298,-1.8437500000,0.9453125000
299,-1.8750000000,0.9531250000
300,-1.8125000000,0.9453125000
301,-1.8125000000,0.9453125000
302,-1.9375000000,0.9843750000
303,-1.8593750000,0.9609375000
304,-1.7968750000,0.9453125000
305,-1.8437500000,0.9531250000
306,-1.7031250000,0.8828125000
307,-1.6093750000,0.8203125000
308,-1.5000000000,0.7656250000
309,-1.5625000000,0.8125000000
310,-1.5937500000,0.8750000000
311,-1.7500000000,0.9218750000
312,-1.7968750000,0.9296875000
313,-1.6250000000,0.8984375000
314,-1.6250000000,0.8828125000
315,-1.6406250000,0.8906250000
316,-1.6875000000,0.9062500000
317,-1.6406250000,0.8906250000
318,-1.7812500000,0.9218750000
319,-1.7968750000,0.9453125000
320,-1.7656250000,0.9296875000
321,-1.7656250000,0.9218750000
322,-1.7812500000,0.9453125000
323,-1.7500000000,0.9296875000
324,-1.7343750000,0.9218750000
325,-1.7812500000,0.9453125000
326,-1.8750000000,0.9531250000
327,-1.8750000000,0.9609375000
328,-1.8125000000,0.9453125000
329,-1.7812500000,0.9296875000
330,-1.7656250000,0.9296875000
331,-1.7343750000,0.9296875000
332,-1.8593750000,0.9609375000
333,-1.7968750000,0.9375000000
334,-1.7500000000,0.9218750000
335,-1.8593750000,0.9453125000
336,-1.7656250000,0.9375000000
337,-1.7187500000,0.9218750000
338,-1.7968750000,0.9453125000
339,-1.9687500000,0.9921875000
340,-1.8281250000,0.9531250000
341,-1.6718750000,0.9140625000
342,-1.7187500000,0.9140625000
343,-1.7968750000,0.9453125000
344,-1.6875000000,0.9140625000
345,-1.7656250000,0.9218750000
346,-1.8906250000,0.9687500000
347,-1.9062500000,0.9687500000
348,-1.8125000000,0.9375000000
349,-1.7500000000,0.9296875000
350,-1.7812500000,0.9296875000
351,-1.9062500000,0.9765625000
352,-1.7500000000,0.9062500000
353,-1.7968750000,0.9296875000
354,-1.8437500000,0.9531250000
355,-1.9375000000,0.9843750000
356,-1.8437500000,0.9531250000
357,-1.8125000000,0.9453125000
358,-1.8437500000,0.9609375000
359,-1.7187500000,0.9218750000
360,-1.6718750000,0.8984375000
361,-1.7656250000,0.9218750000
362,-1.7812500000,0.9375000000
363,-1.7187500000,0.8906250000
364,-1.7187500000,0.8984375000
365,-1.7656250000,0.9140625000
366,-1.6718750000,0.8828125000
367,-1.8125000000,0.9531250000
368,-1.8281250000,0.9375000000
369,-1.8437500000,0.9531250000
370,-1.7812500000,0.9453125000
371,-1.7656250000,0.9296875000
372,-1.6875000000,0.9140625000
373,-1.7343750000,0.9296875000
374,-1.8593750000,0.9609375000
375,-1.7812500000,0.9453125000
376,-1.6562500000,0.8906250000
377,-1.6718750000,0.9062500000
378,-1.7187500000,0.9140625000
379,-1.6562500000,0.8828125000
380,-1.7812500000,0.9375000000
381,-1.7968750000,0.9375000000
382,-1.7968750000,0.9453125000
383,-1.8593750000,0.9609375000
384,-1.7968750000,0.9218750000
385,-1.8593750000,0.9218750000
386,-1.7343750000,0.8906250000
387,-1.6718750000,0.8906250000
388,-1.5625000000,0.8593750000
389,-1.4531250000,0.7812500000
390,-1.5781250000,0.8046875000
391,-1.5937500000,0.8750000000
392,-1.6562500000,0.8906250000
393,-1.5468750000,0.8437500000
394,-1.5781250000,0.8828125000
395,-1.7500000000,0.9218750000
396,-1.6718750000,0.8906250000
397,-1.5937500000,0.8750000000
398,-1.7500000000,0.9218750000
399,-1.8750000000,0.9609375000
400,-1.7812500000,0.9453125000
401,-1.7343750000,0.9140625000
402,-1.7812500000,0.9296875000
403,-1.7656250000,0.9375000000
404,-1.8437500000,0.9531250000
405,-1.8437500000,0.9375000000
406,-1.6875000000,0.8593750000
407,-1.7968750000,0.9062500000
408,-1.7656250000,0.8906250000
409,-1.8750000000,0.9687500000
410,-1.6875000000,0.9062500000
411,-1.5468750000,0.8671875000
412,-1.6250000000,0.8750000000
413,-1.6406250000,0.8828125000
414,-1.6250000000,0.8828125000
415,-1.7187500000,0.9062500000
416,-1.7031250000,0.9140625000
417,-1.7343750000,0.9296875000
418,-1.8125000000,0.9531250000
419,-1.8281250000,0.9453125000
420,-1.8281250000,0.9531250000
421,-1.8906250000,0.9687500000
422,-1.8281250000,0.9531250000
423,-1.8125000000,0.9453125000
424,-1.8593750000,0.9609375000
425,-1.9375000000,0.9843750000
426,-1.9375000000,0.9843750000
427,-1.9062500000,0.9765625000
428,-1.9687500000,0.9921875000
429,-1.8437500000,0.9531250000
430,-1.9218750000,0.9765625000
431,-1.8281250000,0.9453125000
432,-1.8437500000,0.9531250000
433,-1.8437500000,0.9531250000
434,-1.8750000000,0.9531250000
435,-1.8437500000,0.9296875000
436,-1.8906250000,0.9687500000
437,-1.8750000000,0.9687500000
438,-1.7656250000,0.9140625000
439,-1.7187500000,0.8984375000
440,-1.7187500000,0.9218750000
441,-1.8593750000,0.9609375000
442,-1.8281250000,0.9531250000
443,-1.8281250000,0.9531250000
444,-1.8906250000,0.9687500000
445,-1.6562500000,0.8984375000
446,-1.6718750000,0.9062500000
447,-1.6406250000,0.8906250000
448,-1.6718750000,0.8750000000
449,-1.4531250000,0.7890625000
450,-1.6562500000,0.8750000000
451,-1.7656250000,0.9140625000
452,-1.7343750000,0.9140625000
453,-1.8906250000,0.9687500000
454,-1.9062500000,0.9765625000
455,-1.7031250000,0.9062500000
456,-1.6875000000,0.9062500000
457,-1.6406250000,0.8828125000
458,-1.7031250000,0.9062500000
459,-1.7656250000,0.9218750000
460,-1.7031250000,0.8750000000
461,-1.6718750000,0.8828125000
462,-1.7812500000,0.9296875000
463,-1.7343750000,0.9218750000
464,-1.7656250000,0.9296875000
465,-1.7343750000,0.9140625000
466,-1.8593750000,0.9531250000
467,-1.8125000000,0.9453125000
468,-1.7968750000,0.9375000000
469,-1.8125000000,0.9531250000
470,-1.8281250000,0.9531250000
471,-1.6562500000,0.8984375000
472,-1.6875000000,0.9062500000
473,-1.5781250000,0.8828125000
474,-1.6562500000,0.8984375000
475,-1.7500000000,0.9218750000
476,-1.7343750000,0.9140625000
477,-1.8125000000,0.9375000000
478,-1.7343750000,0.9218750000
479,-1.8281250000,0.9531250000
480,-1.7812500000,0.9140625000
481,-1.7812500000,0.9375000000
482,-1.7968750000,0.9453125000
483,-1.8906250000,0.9687500000
484,-1.8750000000,0.9687500000
485,-1.7656250000,0.9296875000
486,-1.7500000000,0.9140625000
487,-1.7500000000,0.8984375000
488,-1.6406250000,0.8671875000
489,-1.6562500000,0.8906250000
490,-1.7500000000,0.9296875000
491,-1.7968750000,0.9453125000
492,-1.8281250000,0.9531250000
493,-1.7031250000,0.9062500000
494,-1.6718750000,0.8671875000
495,-1.7343750000,0.9218750000
496,-1.8125000000,0.9375000000
497,-1.7968750000,0.9453125000
498,-1.8437500000,0.9609375000
499,-1.7343750000,0.9218750000
500,-1.8281250000,0.9531250000
501,-1.7187500000,0.9140625000
502,-1.6250000000,0.8593750000
503,-1.6718750000,0.8828125000
504,-1.7031250000,0.8750000000
505,-1.6093750000,0.8515625000
506,-1.7343750000,0.9218750000
507,-1.6875000000,0.8750000000
508,-1.8437500000,0.9218750000
509,-1.7656250000,0.9296875000
510,-1.6406250000,0.8750000000
511,-1.7968750000,0.9375000000
512,-1.7968750000,0.9296875000
513,-1.8125000000,0.9140625000
514,-1.7500000000,0.8906250000
515,-1.6406250000,0.8593750000
516,-1.6406250000,0.8750000000
517,-1.7812500000,0.9453125000
518,-1.7656250000,0.9375000000
519,-1.7656250000,0.9296875000
520,-1.8906250000,0.9687500000
521,-1.8906250000,0.9687500000
522,-1.8281250000,0.9531250000
523,-1.8125000000,0.9453125000
524,-1.6406250000,0.9062500000
525,-1.6718750000,0.9062500000
526,-1.5312500000,0.8437500000
527,-1.6718750000,0.8984375000
528,-1.7968750000,0.9375000000
529,-1.6406250000,0.8906250000
530,-1.7343750000,0.8984375000
531,-1.8593750000,0.9609375000
532,-1.9375000000,0.9843750000
533,-1.8750000000,0.9687500000
534,-1.8125000000,0.9531250000
535,-1.9218750000,0.9765625000
536,-1.7812500000,0.9375000000
537,-1.8437500000,0.9609375000
538,-1.9375000000,0.9843750000
539,-1.9687500000,0.9921875000
540,-1.9375000000,0.9843750000
541,-1.8750000000,0.9687500000
542,-1.7500000000,0.9296875000
543,-1.7656250000,0.9375000000
544,-1.8437500000,0.9531250000
545,-1.8750000000,0.9687500000
546,-1.8906250000,0.9687500000
547,-1.8750000000,0.9609375000
548,-1.7187500000,0.8906250000
549,-1.7500000000,0.8828125000
550,-1.7812500000,0.8984375000
551,-1.7656250000,0.8828125000
552,-1.7968750000,0.9218750000
553,-1.8437500000,0.9218750000
554,-1.8750000000,0.9453125000
555,-1.9218750000,0.9765625000
556,-1.8125000000,0.9453125000
557,-1.8281250000,0.9531250000
558,-1.7500000000,0.9218750000
559,-1.6406250000,0.8593750000
560,-1.7187500000,0.8984375000
561,-1.6093750000,0.8515625000
562,-1.5625000000,0.8281250000
563,-1.5000000000,0.8359375000
564,-1.5625000000,0.8515625000
565,-1.5156250000,0.8359375000
566,-1.4062500000,0.7812500000
567,-1.4218750000,0.7578125000
568,-1.5000000000,0.7500000000
569,-1.4687500000,0.8046875000
570,-1.4531250000,0.7812500000
571,-1.4843750000,0.7265625000
572,-1.6250000000,0.7812500000
573,-1.6093750000,0.7812500000
574,-1.5781250000,0.8125000000
575,-1.6562500000,0.7968750000
576,-1.5781250000,0.7968750000
577,-1.4843750000,0.7734375000
578,-1.5781250000,0.7890625000
579,-1.5937500000,0.8359375000
580,-1.5625000000,0.7890625000
581,-1.4843750000,0.7890625000
582,-1.7031250000,0.8359375000
583,-1.7343750000,0.8046875000
584,-1.8125000000,0.8984375000
585,-1.7812500000,0.8984375000
586,-1.7812500000,0.9062500000
587,-1.6718750000,0.8437500000
588,-1.6562500000,0.8203125000
589,-1.5625000000,0.7890625000
590,-1.6562500000,0.8437500000
591,-1.7656250000,0.8984375000
592,-1.7187500000,0.8984375000
593,-1.7500000000,0.9296875000
594,-1.8593750000,0.9609375000
595,-1.8437500000,0.9531250000
596,-1.7968750000,0.9453125000
597,-1.7812500000,0.9218750000
598,-1.7500000000,0.9296875000
599,-1.7968750000,0.9375000000
600,-1.6875000000,0.8984375000
601,-1.6562500000,0.8984375000
602,-1.7187500000,0.9062500000
603,-1.7500000000,0.9296875000
604,-1.8281250000,0.9531250000
605,-1.7968750000,0.9453125000
606,-1.7500000000,0.9218750000
607,-1.7187500000,0.9140625000
608,-1.7500000000,0.8984375000
609,-1.6718750000,0.8906250000
610,-1.7500000000,0.9296875000
611,-1.6875000000,0.8984375000
612,-1.6875000000,0.9140625000
613,-1.6093750000,0.8515625000
614,-1.7343750000,0.9218750000
615,-1.7187500000,0.8984375000
616,-1.7187500000,0.9218750000
617,-1.7968750000,0.9453125000
618,-1.7500000000,0.9140625000
619,-1.8281250000,0.9453125000
620,-1.8437500000,0.9609375000
621,-1.7968750000,0.9453125000
622,-1.8281250000,0.9531250000
623,-1.8593750000,0.9609375000
624,-1.8593750000,0.9609375000
625,-1.8906250000,0.9687500000
626,-1.9375000000,0.9843750000
627,-1.9375000000,0.9843750000
628,-1.8437500000,0.9531250000
629,-1.8437500000,0.9531250000
630,-1.7500000000,0.9140625000
631,-1.6718750000,0.9062500000
632,-1.5781250000,0.8750000000
633,-1.5937500000,0.8750000000
634,-1.6562500000,0.8984375000
635,-1.6406250000,0.8984375000
636,-1.5937500000,0.8593750000
637,-1.6718750000,0.8984375000
638,-1.7187500000,0.9062500000
639,-1.6250000000,0.8828125000
640,-1.7343750000,0.9296875000
641,-1.7968750000,0.9375000000
642,-1.7812500000,0.9375000000
643,-1.7343750000,0.9218750000
644,-1.6718750000,0.9062500000
645,-1.8125000000,0.9531250000
646,-1.7968750000,0.9453125000
647,-1.7656250000,0.9218750000
648,-1.7968750000,0.9375000000
649,-1.7187500000,0.9296875000
650,-1.7500000000,0.9218750000
651,-1.7812500000,0.9375000000
652,-1.7343750000,0.9296875000
653,-1.7343750000,0.9062500000
654,-1.7187500000,0.9140625000
655,-1.8593750000,0.9609375000
656,-1.8906250000,0.9687500000
657,-1.8437500000,0.9609375000
658,-1.8906250000,0.9531250000
659,-1.8437500000,0.9453125000
660,-1.7812500000,0.9140625000
661,-1.7500000000,0.9218750000
662,-1.6562500000,0.8906250000
663,-1.7187500000,0.9062500000
664,-1.9062500000,0.9765625000
665,-1.9062500000,0.9765625000
666,-1.6718750000,0.9062500000
667,-1.7031250000,0.8984375000
668,-1.7968750000,0.9218750000
669,-1.7187500000,0.8984375000
670,-1.7187500000,0.9218750000
671,-1.7031250000,0.9062500000
672,-1.7812500000,0.9375000000
673,-1.7500000000,0.9296875000
674,-1.8750000000,0.9609375000
675,-1.8750000000,0.9609375000
676,-1.6718750000,0.8984375000
677,-1.6250000000,0.8671875000
678,-1.7656250000,0.9296875000
679,-1.7656250000,0.9296875000
680,-1.8437500000,0.9531250000
681,-1.7968750000,0.9453125000
682,-1.7968750000,0.9375000000
683,-1.8593750000,0.9609375000
684,-1.8750000000,0.9609375000
685,-1.7656250000,0.9375000000
686,-1.7968750000,0.9453125000
687,-1.7500000000,0.9296875000
688,-1.7656250000,0.9218750000
689,-1.8125000000,0.9375000000
690,-1.8125000000,0.9531250000
691,-1.7500000000,0.9296875000
692,-1.7656250000,0.9375000000
693,-1.6093750000,0.8750000000
694,-1.7343750000,0.9140625000
695,-1.8125000000,0.9375000000
696,-1.9375000000,0.9843750000
697,-1.8750000000,0.9687500000
698,-1.8281250000,0.9531250000
699,-1.7812500000,0.9140625000
700,-1.7812500000,0.9453125000
701,-1.8281250000,0.9531250000
702,-1.7343750000,0.9218750000
703,-1.7656250000,0.9375000000
704,-1.7656250000,0.9140625000
705,-1.7500000000,0.9218750000
706,-1.8437500000,0.9531250000
707,-1.7968750000,0.9453125000
708,-1.8437500000,0.9609375000
709,-1.8437500000,0.9531250000
710,-1.7968750000,0.9375000000
711,-1.6718750000,0.8906250000
712,-1.6562500000,0.8906250000
713,-1.7187500000,0.8984375000
714,-1.6250000000,0.8593750000
715,-1.7968750000,0.8984375000
716,-1.8281250000,0.9375000000
717,-1.7343750000,0.8984375000
718,-1.6562500000,0.8671875000
719,-1.7812500000,0.9296875000
720,-1.7968750000,0.9218750000
721,-1.6562500000,0.8828125000
722,-1.5625000000,0.8359375000
723,-1.5312500000,0.8437500000
724,-1.5000000000,0.8593750000
725,-1.7343750000,0.9296875000
726,-1.8125000000,0.9453125000
727,-1.8125000000,0.9375000000
728,-1.7500000000,0.9140625000
729,-1.7812500000,0.9375000000
730,-1.7812500000,0.9218750000
731,-1.7500000000,0.9218750000
732,-1.7500000000,0.9062500000
733,-1.6718750000,0.8828125000
734,-1.6250000000,0.8593750000
735,-1.6250000000,0.8437500000
736,-1.6718750000,0.8906250000
737,-1.7500000000,0.9062500000
738,-1.7968750000,0.9375000000
739,-1.7812500000,0.9140625000
740,-1.7343750000,0.9140625000
741,-1.6718750000,0.8984375000
742,-1.8906250000,0.9687500000
743,-1.7968750000,0.9453125000
744,-1.7343750000,0.9140625000
745,-1.6875000000,0.8984375000
746,-1.8281250000,0.9453125000
747,-1.7187500000,0.9062500000
748,-1.7812500000,0.9218750000
749,-1.7343750000,0.9140625000
750,-1.7500000000,0.9296875000
751,-1.8125000000,0.9531250000
752,-1.7968750000,0.9453125000
753,-1.8125000000,0.9296875000
754,-1.6562500000,0.8906250000
755,-1.7187500000,0.9140625000
756,-1.6875000000,0.9062500000
757,-1.6250000000,0.8906250000
758,-1.7812500000,0.9375000000
759,-1.6718750000,0.8984375000
760,-1.7656250000,0.9375000000
761,-1.6718750000,0.8906250000
762,-1.6875000000,0.9062500000
763,-1.6250000000,0.8359375000
764,-1.7031250000,0.8515625000
765,-1.5468750000,0.8593750000
766,-1.6406250000,0.8671875000
767,-1.6406250000,0.8750000000
768,-1.6406250000,0.8750000000
769,-1.5937500000,0.8437500000
770,-1.6250000000,0.8828125000
771,-1.6875000000,0.9140625000
772,-1.8281250000,0.9531250000
773,-1.8437500000,0.9531250000
774,-1.8593750000,0.9531250000
775,-1.7656250000,0.9218750000
776,-1.7656250000,0.9140625000
777,-1.9062500000,0.9687500000
778,-1.7343750000,0.9140625000
779,-1.7656250000,0.9296875000
780,-1.6718750000,0.9062500000
781,-1.6718750000,0.9140625000
782,-1.6562500000,0.8828125000
783,-1.7656250000,0.9375000000
784,-1.5937500000,0.8750000000
785,-1.7187500000,0.9296875000
786,-1.7500000000,0.9296875000
787,-1.6875000000,0.9140625000
788,-1.6406250000,0.8828125000
789,-1.6718750000,0.8906250000
790,-1.7343750000,0.9062500000
791,-1.8437500000,0.9296875000
792,-1.6406250000,0.8828125000
793,-1.7656250000,0.9296875000
794,-1.8125000000,0.9453125000
795,-1.8750000000,0.9687500000
796,-1.8593750000,0.9609375000
797,-1.9062500000,0.9765625000
798,-1.7031250000,0.9062500000
799,-1.7968750000,0.9296875000
800,-1.6406250000,0.8437500000
801,-1.6406250000,0.8281250000
802,-1.6250000000,0.8437500000
803,-1.6718750000,0.8828125000
804,-1.6093750000,0.8750000000
805,-1.6406250000,0.8984375000
806,-1.6718750000,0.8828125000
807,-1.6718750000,0.8828125000
808,-1.8281250000,0.9531250000
809,-1.8750000000,0.9687500000
810,-1.7500000000,0.9140625000
811,-1.7500000000,0.9218750000
812,-1.7187500000,0.9218750000
813,-1.7656250000,0.9375000000
814,-1.7343750000,0.9140625000
815,-1.7500000000,0.8906250000
816,-1.6718750000,0.8671875000
817,-1.7812500000,0.9296875000
818,-1.8281250000,0.9531250000
819,-1.6718750000,0.8906250000
820,-1.7656250000,0.9296875000
821,-1.8125000000,0.9375000000
822,-1.7968750000,0.9453125000
823,-1.7656250000,0.9296875000
824,-1.7968750000,0.9453125000
825,-1.6718750000,0.9140625000
826,-1.7812500000,0.9375000000
827,-1.9218750000,0.9765625000
828,-1.8750000000,0.9687500000
829,-1.7031250000,0.9218750000
830,-1.8125000000,0.8984375000
831,-1.6875000000,0.8593750000
832,-1.7343750000,0.8281250000
833,-1.6875000000,0.8125000000
834,-1.6718750000,0.8046875000
835,-1.5937500000,0.8437500000
836,-1.5312500000,0.8437500000
837,-1.5781250000,0.8750000000
838,-1.6875000000,0.9140625000
839,-1.8593750000,0.9609375000
840,-1.8750000000,0.9687500000
841,-1.7656250000,0.9375000000
842,-1.7656250000,0.9218750000
843,-1.8125000000,0.9375000000
844,-1.6718750000,0.9062500000
845,-1.8125000000,0.9531250000
846,-1.8750000000,0.9687500000
847,-1.8593750000,0.9609375000
848,-1.8750000000,0.9687500000
849,-1.8593750000,0.9609375000
850,-1.8281250000,0.9531250000
851,-1.7343750000,0.9140625000
852,-1.6718750000,0.8906250000
853,-1.6250000000,0.8593750000
854,-1.5937500000,0.8593750000
855,-1.7343750000,0.9140625000
856,-1.8437500000,0.9531250000
857,-1.9062500000,0.9687500000
858,-1.8593750000,0.9609375000
859,-1.9218750000,0.9765625000
860,-1.7656250000,0.9296875000
861,-1.7031250000,0.9218750000
862,-1.7031250000,0.9062500000
863,-1.7187500000,0.9140625000
864,-1.8906250000,0.9687500000
865,-1.8750000000,0.9609375000
866,-1.8437500000,0.9609375000
867,-1.8281250000,0.9531250000
868,-1.8125000000,0.9453125000
869,-1.7812500000,0.9218750000
870,-1.7500000000,0.9218750000
871,-1.7656250000,0.9062500000
872,-1.7812500000,0.9218750000
873,-1.7187500000,0.9140625000
874,-1.7031250000,0.9218750000
875,-1.8281250000,0.9531250000
876,-1.8906250000,0.9687500000
877,-1.8437500000,0.9609375000
878,-1.9218750000,0.9765625000
879,-1.8906250000,0.9687500000
880,-1.8437500000,0.9531250000
881,-1.7500000000,0.9218750000
882,-1.8906250000,0.9687500000
883,-1.7343750000,0.9062500000
884,-1.7968750000,0.9453125000
885,-1.8750000000,0.9609375000
886,-1.8750000000,0.9453125000
887,-1.7343750000,0.8828125000
888,-1.6250000000,0.8515625000
889,-1.7031250000,0.8906250000
890,-1.7812500000,0.9296875000
891,-1.7968750000,0.9140625000
892,-1.7187500000,0.8906250000
893,-1.6718750000,0.8750000000
894,-1.7187500000,0.9140625000
895,-1.7187500000,0.9140625000
896,-1.7968750000,0.9375000000
897,-1.6093750000,0.8750000000
898,-1.7343750000,0.8906250000
899,-1.8125000000,0.9453125000
900,-1.8125000000,0.9453125000
901,-1.7500000000,0.9140625000
902,-1.6718750000,0.8984375000
903,-1.6406250000,0.8750000000
904,-1.6875000000,0.8984375000
905,-1.8125000000,0.9375000000
906,-1.7968750000,0.9296875000
907,-1.6875000000,0.9140625000
908,-1.7500000000,0.9296875000
909,-1.8281250000,0.9453125000
910,-1.8281250000,0.9453125000
911,-1.8593750000,0.9609375000
912,-1.8906250000,0.9687500000
913,-1.9375000000,0.9843750000
914,-1.8125000000,0.9453125000
915,-1.7656250000,0.9296875000
916,-1.6718750000,0.9062500000
917,-1.6875000000,0.9062500000
918,-1.6250000000,0.8750000000
919,-1.6562500000,0.8828125000
920,-1.7500000000,0.8984375000
921,-1.7187500000,0.8203125000
922,-1.5625000000,0.7890625000
923,-1.7187500000,0.8203125000
924,-1.7187500000,0.8593750000
925,-1.7656250000,0.8437500000
926,-1.6093750000,0.8515625000
927,-1.7500000000,0.9218750000
928,-1.8125000000,0.9531250000
929,-1.9062500000,0.9765625000
930,-1.8750000000,0.9687500000
931,-1.8906250000,0.9687500000
932,-1.8593750000,0.9531250000
933,-1.7968750000,0.9453125000
934,-1.7968750000,0.9375000000
935,-1.7656250000,0.9375000000
936,-1.9062500000,0.9765625000
937,-1.8593750000,0.9609375000
938,-1.7187500000,0.9296875000
939,-1.7500000000,0.8984375000
940,-1.7187500000,0.9296875000
941,-1.8750000000,0.9687500000
942,-1.9062500000,0.9765625000
943,-1.7812500000,0.9375000000
944,-1.8125000000,0.9531250000
945,-1.7343750000,0.9218750000
946,-1.9218750000,0.9765625000
947,-1.8281250000,0.9375000000
948,-1.7187500000,0.8906250000
949,-1.8750000000,0.9453125000
950,-1.7500000000,0.9296875000
951,-1.9062500000,0.9765625000
952,-1.7968750000,0.9375000000
953,-1.8437500000,0.9531250000
954,-1.8125000000,0.9531250000
955,-1.7968750000,0.9296875000
956,-1.8125000000,0.9453125000
957,-1.8750000000,0.9687500000
958,-1.9375000000,0.9843750000
959,-1.9062500000,0.9765625000
960,-1.8437500000,0.9609375000
961,-1.9062500000,0.9765625000
962,-1.8125000000,0.9296875000
963,-1.7656250000,0.9140625000
964,-1.6718750000,0.8984375000
965,-1.8125000000,0.9453125000
966,-1.7968750000,0.9375000000
967,-1.8125000000,0.9375000000
968,-1.7656250000,0.9375000000
969,-1.7031250000,0.9140625000
970,-1.8593750000,0.9609375000
971,-1.9375000000,0.9843750000
972,-1.7812500000,0.9375000000
973,-1.7031250000,0.8906250000
974,-1.7968750000,0.8984375000
975,-1.7343750000,0.9140625000
976,-1.6406250000,0.9062500000
977,-1.6093750000,0.8828125000
978,-1.7812500000,0.9062500000
979,-1.8437500000,0.9609375000
980,-1.8281250000,0.9375000000
981,-1.7968750000,0.9375000000
982,-1.8125000000,0.9453125000
983,-1.8437500000,0.9531250000
984,-1.7812500000,0.9375000000
985,-1.8437500000,0.9609375000
986,-1.8125000000,0.9531250000
987,-1.8281250000,0.9531250000
988,-1.7656250000,0.9296875000
989,-1.8125000000,0.9531250000
990,-1.7656250000,0.9296875000
991,-1.8437500000,0.9609375000
992,-1.7968750000,0.9375000000
993,-1.7343750000,0.9140625000
994,-1.6875000000,0.8906250000
995,-1.6718750000,0.9062500000
996,-1.8437500000,0.9609375000
997,-1.8281250000,0.9531250000
998,-1.7500000000,0.9296875000
999,-1.8125000000,0.9453125000
1000,-1.7812500000,0.8984375000
